{
  "ch1": 0.0007756449033868313,
  "ch3": 0.0008100914008374314,
  "ch2": 0.0007668221107271593
}